"fips5","resid"
1001,-0.0210743064673989
1003,-0.130033680700807
1005,0.06054128641855
1007,0.0551706273040343
1009,-0.0176573319186959
1011,0.0298299072817948
1013,0.00659701886496483
1015,-0.00453603499333899
1017,0.0572216108378503
1019,0.0404911623554626
1021,0.0249627121861357
1023,0.131267292557241
1025,0.0560002255059166
1027,0.0684445011453058
1029,0.0367356890439321
1031,-0.13836578000021
1033,0.115080491213123
1035,0.161656097898831
1037,0.0374340487958663
1039,-0.0260963547495685
1041,0.0482232878314733
1043,0.00277820047027366
1045,-0.0938514815107364
1047,0.000739668785709025
1049,-0.00240366168295547
1051,-0.114802825924974
1053,-0.0769046252251956
1055,0.00938275490437579
1057,-0.00793204927331725
1059,0.0800134263332121
1061,-0.0776253169784573
1063,-0.0303445955141148
1065,0.0755754280765348
1067,-0.0578758621028438
1069,-0.157839338534228
1071,0.0854792983585144
1073,0.00328028931256039
1075,0.04128876994442
1077,0.0378239514822949
1079,0.0782326070704303
1081,-0.137157308412838
1083,0.0113430637265528
1085,-0.0431640596466442
1087,-0.138426389124754
1089,-0.0650888269984886
1091,0.0781984826995947
1093,0.100556287724527
1095,-0.0197339556929185
1097,0.0219778576383821
1099,0.0558608160454368
1101,-0.0870642684408028
1103,-0.0758318634551359
1105,0.056441155577327
1107,0.121912167974762
1109,-0.143600812067081
1111,-0.0315765151347948
1113,0.115087428959849
1115,-0.0337877069621237
1117,-0.182150452193071
1119,-0.0706137691707089
1121,0.0358075170099752
1123,-0.0309175917945113
1125,-0.0235731838541869
1127,0.0569333807089075
1129,0.0866367845677529
1131,-0.0162728619702715
1133,-0.0287024861161439
4001,0.128880672006413
4003,-0.0871360455607071
4005,0.205465966216385
4007,-0.0752259721002062
4009,-0.0276712720420592
4011,0.0569514892754631
4012,-0.0883248925932426
4013,-0.0441528042513428
4015,-0.141804423849182
4017,0.0550320294114372
4019,0.0565984105087044
4021,-0.00304787050137381
4023,0.0662431908869598
4025,-0.0772995084343442
4027,-0.0245089689728833
5001,0.0101174794027672
5003,-0.043741163376436
5005,-0.00511348952877622
5007,-0.0322366726011628
5009,0.047784907828788
5011,-0.00305224726433062
5013,-0.020614217310607
5015,0.0989688479809918
5017,0.0288673724289071
5019,0.106031951070012
5021,0.102323085981142
5023,-0.0724317237550206
5025,-0.00927985509776408
5027,-0.185688196608367
5029,0.0844852934213584
5031,-0.066304873784629
5033,-0.0200608872909184
5035,-0.0412522569321704
5037,-0.0253753388744072
5039,-0.0534843675281912
5041,0.0193792603207965
5043,-0.0470850304514222
5045,-0.0538818058714173
5047,-0.0362016994126501
5049,0.149167236047339
5051,-0.021620426740363
5053,-0.0151796340040578
5055,0.0645208488952518
5057,-0.119817064889124
5059,0.0473132799636197
5061,-0.102242626921765
5063,0.0117174671776477
5065,0.0742885929656172
5067,0.045476622850942
5069,-0.0325637211479183
5071,0.0733819508390546
5073,-0.166721535103866
5075,0.0448603953716367
5077,0.0417781903667979
5079,0.00123373203989341
5081,-0.0811153729865555
5083,0.093130910398689
5085,-0.0109972172395452
5087,0.0946870646503933
5089,-0.0833094210903313
5091,-0.137755802681036
5093,0.1038816924615
5095,0.0269270047013385
5097,0.0739142922429192
5099,-0.0324376741778731
5101,-0.0204430782373108
5103,-0.116687451843024
5105,0.112325499660633
5107,0.00378992354196417
5109,-0.0356767202772803
5111,0.0994911962208387
5113,-0.0696687649022731
5115,-0.0679080625788981
5117,0.0373768645035725
5119,-0.0113933392565255
5121,0.0957861973900959
5123,-0.0941409083193175
5125,-0.0144926171934482
5127,0.0466317451291355
5129,-0.0145198393013642
5131,-0.036250620391749
5133,-0.020589948899822
5135,0.0479017154746465
5137,0.073179049659307
5139,-0.094765839853003
5141,-0.0450707530142725
5143,0.0900404678759634
5145,-0.0908274538135945
5147,0.157855185419341
5149,0.0433843962699708
6001,0.0823397118223652
6003,0.216215470985087
6005,-0.0621788409726798
6007,0.0154936150684014
6009,-0.034899393192527
6011,-0.120956835755314
6013,0.105071738246321
6015,-0.0398448386593568
6017,-0.0532490157099944
6019,-0.134510400308831
6021,-0.123581639032054
6023,0.265764119722077
6025,-0.0395037594696634
6027,-0.0199867754794744
6029,-0.210518597119739
6031,-0.208650688320175
6033,0.142583619668236
6035,-0.264139789321127
6037,-0.0349345892175916
6039,-0.195331695134444
6041,0.218168168127229
6043,-0.0538165794376692
6045,0.369959864451622
6047,-0.0111695771307093
6049,-0.14801746348456
6051,0.0434206297365728
6053,0.159945993564039
6055,0.24286634480721
6057,0.0936861477688453
6059,-0.265317231215232
6061,-0.0607981880979825
6063,0.00270582141992334
6065,-0.115020920376073
6067,0.000856423665228034
6069,0.125912048119602
6071,-0.0949664377130794
6073,-0.101877808403012
6075,-0.104365075225365
6077,-0.0132334376277678
6079,0.0625682508502012
6081,0.0922268250012634
6083,0.0783240428716134
6085,0.0338962998329309
6087,0.311451509978809
6089,-0.125887221778607
6091,-0.00244180151317258
6093,-0.00232871754895059
6095,0.0734525958725611
6097,0.326416106866089
6099,-0.0729261238414271
6101,-0.0865005423577455
6103,-0.104830272959887
6105,0.0973952492440082
6107,-0.235558606922992
6109,-0.00925947384610007
6111,-0.000842326919977987
6113,0.0853847511530132
6115,-0.0946606847499111
8001,0.0787107066395524
8003,0.124562394966061
8005,0.0324029588655166
8007,-5.56614731767602e-05
8009,-0.134747436227651
8011,0.0722658321775758
8013,0.204085118378286
8015,0.193331318636943
8017,-0.128130502792779
8019,-0.0122937849720911
8021,0.182494802141047
8023,0.111203222049197
8025,-0.122209458278505
8027,-0.0806620965917707
8029,-0.113666201119
8031,0.0806557109332888
8033,-0.0509258778797537
8035,-0.110903111819821
8037,0.13995529307937
8039,-0.176574834469619
8041,-0.188259803320344
8043,-0.0718761299298506
8045,0.14001434270524
8047,0.0290161372131941
8049,-0.017088110105631
8051,0.198480503101407
8053,-0.0503355053249362
8055,0.0394992806464369
8057,-0.184545216183725
8059,0.0373587852768717
8061,-0.0557010437499899
8063,-0.0805206825698126
8065,0.101103574620054
8067,0.107390849622915
8069,0.0778347919347614
8071,-0.0403918482769847
8073,-0.145513925530031
8075,-0.15643825923859
8077,-0.0853913900420914
8079,0.160414403530591
8081,-0.13657043079889
8083,-0.0395212483239609
8085,-0.127963064898029
8087,-0.142795590331957
8089,-0.0089108268224467
8091,0.0234988603540859
8093,-0.0704227681853254
8095,-0.00400746405693275
8097,0.167206905273037
8099,-0.0514018089701387
8101,0.025785313338141
8103,-0.150882396875244
8105,-0.0249591746832531
8107,0.116600583500441
8109,0.258709594900636
8111,0.302757401227719
8113,0.357083638020417
8115,-0.154322238718107
8117,0.116690903791622
8119,-0.254915526086089
8121,-0.0947639982591494
8123,-0.0223764307199168
8125,-0.18906937929873
9001,-0.0300304389812189
9003,0.00846709187882641
9005,-0.00769228272654182
9007,-0.0024838775250127
9009,-0.109233706083485
9011,0.028837934225186
9013,0.0851648516002655
9015,0.0269704276119913
10001,0.0175932764792916
10003,0.083963599992999
10005,-0.101556876472279
11001,6.10622663543836e-15
12001,0.080521088794637
12003,-0.0863291700870027
12005,-0.145460118324968
12007,-0.0693234575218943
12009,-0.0706903470204431
12011,0.120862362247797
12013,-0.027571616631959
12015,0.134164354088105
12017,0.0558949115897998
12019,-0.0362317003049129
12021,-0.120631996615435
12023,-0.0159558144111728
12027,0.162549516614301
12029,-0.0228248129362677
12031,-0.0486277599300402
12033,-0.0583182632810891
12035,0.123274545311087
12037,0.0227408040761541
12039,0.122328680036523
12041,0.0234561878905153
12043,0.0762638955937355
12045,-0.0261156675177339
12047,0.00713068292293745
12049,0.0720036750231985
12051,0.0420688648849004
12053,0.110143802743146
12055,0.0555898193636172
12057,-0.0297485331056675
12059,-0.0521883701578189
12061,-0.0145475404333337
12063,-0.0513058814035425
12065,0.0738833413471754
12067,-0.131026631137118
12069,0.0826450928814919
12071,-0.0396242987201788
12073,-0.0461932407523937
12075,0.0506000445038965
12077,0.0152156527332942
12079,0.0652572526834801
12081,0.0608144272966595
12083,0.0108796488619133
12085,-0.0278844411353018
12086,-0.204518336116511
12087,0.000186842293339984
12089,-0.0650975668878935
12091,-0.223474999384382
12093,0.0598523452028586
12095,-0.00541928467862507
12097,0.0569180994825823
12099,0.122671882578699
12101,0.0827868205695773
12103,0.017011549249753
12105,0.0734851777185664
12107,0.0140213976489296
12109,-0.147071403622301
12111,0.114550085396661
12113,-0.129834831860148
12115,0.0589370201214907
12117,-0.0233421472744994
12119,0.00112510552962392
12121,-0.0112984535654131
12123,-0.0325229706963627
12125,-0.123161623851086
12127,0.0680465680550393
12129,0.0343205121227144
12131,-0.154944573811637
12133,-0.0309162042808893
13001,0.00421872944920887
13003,0.0445749147560202
13005,-0.0521674686128288
13007,0.0662089066690175
13009,-0.00192821908275368
13011,-0.0119297955726704
13013,-0.00094184725230495
13015,0.0109280999023273
13017,0.0545796964659959
13019,-0.0745312748321751
13021,-0.00433848044835469
13023,-0.0857181746249115
13025,-0.0437226514330817
13027,0.102049399546497
13029,-0.0288561530300508
13031,-0.127267590810032
13033,0.168349204498707
13035,0.0227157529858269
13037,0.122469417310986
13039,0.168869778231472
13043,-0.102324995316675
13045,0.00191290257672772
13047,0.0353412893532652
13049,0.0401482281746166
13051,-0.028098322292006
13053,0.320180268326109
13055,0.0270407364248311
13057,-0.114910099684512
13059,0.0971939668546086
13061,-0.123291821893906
13063,0.0797054335419309
13065,0.0282016484360791
13067,-0.0490977888162456
13069,-0.0281154161581059
13071,-0.0668779446890822
13073,-0.104230541394959
13075,0.0243988844455952
13077,-0.0341594461853066
13079,-0.0218156604825926
13081,-0.0416270558423044
13083,0.108460405737792
13085,-0.133146987564844
13087,0.016477750251942
13089,0.0350675738657641
13091,-0.058774518809166
13093,0.0815267097555971
13095,-0.101800155510621
13097,0.148472066315898
13099,0.0018952396535336
13101,-0.0813274513564055
13103,0.0209444960831799
13105,-0.0198584297593651
13107,-0.0800485301328032
13109,-0.0458926154978248
13111,0.0848447367119629
13113,0.01100324458536
13115,0.0229517407667264
13117,-0.0556424315504251
13119,-0.0242238888124884
13121,-0.0818077205598248
13123,0.00880017086980633
13125,-0.0665906262768033
13127,-0.128592447259263
13129,0.0115324022928921
13131,0.0466218811527798
13133,-0.162989761883862
13135,0.0648743015154759
13137,-0.105921365758998
13139,-0.0922001228290696
13141,-0.0281337467085091
13143,0.00941039462847204
13145,0.00474438902497937
13147,0.0979935316357333
13149,0.0481472696178362
13151,0.102341011278034
13153,0.0260338392331644
13155,-0.0390261336565609
13157,-0.0677241280639501
13159,0.0385239833370442
13161,0.0271604554805179
13163,0.11276441898709
13165,-0.0483463859270726
13167,0.0518017119641843
13169,0.0886723278668005
13171,-0.00933819188689855
13173,0.0246664886546308
13175,-0.0126605415157915
13177,-0.0262254023949764
13179,0.300280601024805
13181,-0.0905567435828485
13183,0.122199277562704
13185,-0.059699013998927
13187,-0.18670099710259
13189,0.00235494556352381
13191,0.0624419035807272
13193,0.0878037782060815
13195,0.00271996605036617
13197,0.0128165807818812
13199,0.0647092879056382
13201,-0.0631498106765142
13205,0.0151114969958758
13207,-0.0281137682895244
13209,-0.110566949262934
13211,-0.0163816937207138
13213,0.0182759125083173
13215,0.0600368519350954
13217,0.114033615450735
13219,-0.0885639000622883
13221,0.0567247043002806
13223,0.0271524461399235
13225,-0.0618254691950645
13227,-0.136492300448876
13229,-0.0692335675915636
13231,-0.0152875322230791
13233,0.04158942359077
13235,-0.252424799293492
13237,-0.0491348690207842
13239,0.0852749608922239
13241,-0.0908175438929028
13243,-0.0819194363299727
13245,0.0293462664094425
13247,0.097209997861067
13249,-0.0175934033003166
13251,0.0371887063865517
13253,-0.0561171422937011
13255,0.00575788627030904
13257,-0.0305511790536492
13259,-0.0807359989384002
13261,-0.0863622164859303
13263,0.0471309407305552
13265,0.0412809954042789
13267,-0.0684363835906259
13269,0.075985951955908
13271,-0.0381952252855906
13273,0.0106593264926154
13275,-0.0389227990134597
13277,-0.113854844536506
13279,-0.0501849135063691
13281,0.0786968698764052
13283,0.0785251261180076
13285,-0.0247231201140863
13287,0.161648144336951
13289,0.327379696874506
13291,0.00319859961118085
13293,0.0752618206244323
13295,0.091420031588212
13297,-0.0300696927446303
13299,0.0198850819930262
13301,-0.038629301374093
13303,0.00261638481430006
13305,-0.045906929143247
13307,-0.204511846056074
13309,-0.0137489497518452
13311,-0.0878527710810583
13313,0.0757185083532396
13315,-0.0409924116743801
13317,-0.0593839570558528
13319,0.17075961128152
13321,-0.0741516868254854
15001,0.120273054362994
15003,-0.255379249425975
15007,0.0265113826951015
15009,0.10859481236788
16001,0.0430268330830162
16003,-0.200731031743128
16005,0.166314706004915
16007,-0.0689618275774802
16009,-0.179334689215613
16011,0.0689738879916243
16013,0.427741874859591
16015,-0.10885304751906
16017,-0.00955195787516389
16019,0.029190419708095
16021,0.00932946022294856
16023,0.050386367887124
16025,0.0712078928502696
16027,-0.118036525719126
16029,0.00461851537330282
16031,0.00285783319210275
16033,0.184894192251616
16035,-0.0966559882739554
16037,-0.0364478913311304
16039,-0.032027023993017
16041,0.0326725879893689
16043,0.0339174281028553
16045,-0.182562350063762
16047,-0.0362734085450971
16049,-0.16228649181279
16051,-0.00612641575435402
16053,-0.0468682982739312
16055,-0.0292126117422666
16057,0.0857924781085042
16059,-0.0639374368652097
16061,-0.0795967795477295
16063,0.0560481783196689
16065,-0.15544722290547
16067,-0.0644239126231283
16069,-0.0550278811700099
16071,0.127391515210062
16073,-0.0974012360191535
16075,-0.145695188409969
16077,0.146913604472027
16079,0.0667659068876922
16081,0.275405895268402
16083,0.0355872280261234
16085,0.156874949277031
16087,-0.100452538105743
17001,-0.128503092110137
17003,0.0483488272292855
17005,-0.0436674198670813
17007,0.114756334418979
17009,-0.248282004636615
17011,0.144684327853686
17013,0.0921739015512339
17015,0.074394358208717
17017,0.0506235767222589
17019,-0.0572995191845898
17021,-0.0413100657449643
17023,0.0377754257969745
17025,-0.117842759610953
17027,-0.151610922653101
17029,-0.0952729844452962
17031,0.0146530102001332
17033,-0.126791995663611
17035,-0.0838678043795779
17037,0.0791341252491988
17039,-0.0302357892734944
17041,0.0118089253929124
17043,-0.0661216371401884
17045,-0.107179742694337
17047,-0.157553495798314
17049,-0.20102245208675
17051,-0.0900464543968506
17053,-0.0288407395186999
17055,0.0229339327929111
17057,0.232911802344248
17059,0.0703283570165109
17061,-0.074762453067081
17063,0.0738494447701728
17065,0.0744438244432657
17067,-0.0724199657804103
17069,-0.0378672082662506
17071,0.17919793686558
17073,0.168602948734808
17075,-0.0987147821895219
17077,-0.0258048341669955
17079,-0.109717973939776
17081,-0.0211110981611922
17083,-0.0642325175211349
17085,0.175960296762757
17087,-0.137513315283149
17089,0.0778991553705636
17091,-0.00157744306173166
17093,0.13540181287013
17095,0.202331421723572
17097,0.0876952194396565
17099,0.126375508743667
17101,-0.130578071467245
17103,0.0982076665217219
17105,-0.0863655805542435
17107,-0.131427827615065
17109,-0.0663147051185335
17111,0.0696983229384536
17113,-0.0415263817688591
17115,-0.0882597169168532
17117,0.0701820723933274
17119,0.0037689333547643
17121,-0.0225506098301206
17123,0.0380107674693893
17125,0.0828179875151988
17127,-0.0551119506226069
17129,-0.000175598998701954
17131,0.262452576114404
17133,0.0413375627782364
17135,0.0588172983091569
17137,-0.0481965785323792
17139,0.0419648336319275
17141,0.0570229264879751
17143,0.0159316124185824
17145,-0.0564306936998949
17147,0.000484453594759293
17149,-0.0997570861332815
17151,-0.196136739382821
17153,-0.108098589651344
17155,0.203277964416036
17157,-0.0569599546858389
17159,-0.145339667995261
17161,0.192923627766451
17163,-0.0227631997578752
17165,-0.011502424069492
17167,-0.043102588668757
17169,0.0894009917452072
17171,0.00579355498459067
17173,-0.0408632428794609
17175,0.0627261652158635
17177,0.10264393417991
17179,0.00704158340000227
17181,0.0331566849388927
17183,-0.0347146552926033
17185,-0.066921377280753
17187,0.154379162300394
17189,-0.142474598369233
17191,-0.0760056018306214
17193,-0.0428553789894197
17195,0.266815037326781
17197,0.0629493623755642
17199,-0.083345544199615
17201,0.0582544256375758
17203,-0.059395147363512
18001,0.0719631208061881
18003,-0.0621448265641378
18005,-0.0516155315049724
18007,-0.0771228144213895
18009,0.0163898468856616
18011,-0.0225465133053644
18013,-0.0262480518828517
18015,-0.0678497415369158
18017,-0.0161571237775168
18019,0.0947502386694992
18021,-0.0694339436752185
18023,-0.0515633281468289
18025,0.126572593101485
18027,-0.00677224188914072
18029,-0.142461781692488
18031,-0.121776127878451
18033,-0.0886534053879793
18035,0.0567387129120238
18037,0.0317576463063516
18039,-0.0102083052511109
18041,-0.0159677881691894
18043,0.130036149518319
18045,-0.0634104484990179
18047,-0.0931810766387213
18049,-0.020112170164669
18051,-0.00243295970959384
18053,-0.0992332263168197
18055,-0.0220302064207122
18057,-0.116125497011204
18059,-0.0856218464682557
18061,0.0744768497766442
18063,0.0014504086006244
18065,-0.00858192684501113
18067,-0.0406949261594994
18069,-0.108715045930417
18071,-0.0107580378115917
18073,0.0881232438143228
18075,0.0452481365763857
18077,0.0845229423920035
18079,-0.020022496837415
18081,-0.0240508701923468
18083,0.00549354357507553
18085,-0.172096570870937
18087,0.196491108227707
18089,0.17093188280651
18091,0.197502983533126
18093,-0.0151959844639838
18095,0.0165898060410825
18097,0.0771875246914207
18099,-0.0287917592758536
18101,-0.063244841536455
18103,-0.0796881727320879
18105,0.0672209805703131
18107,-0.0488897909898051
18109,-0.056722402434464
18111,0.00704883214477836
18113,-0.058992961025557
18115,-0.0880205946779108
18117,0.0456918708748239
18119,-0.0100983944164843
18121,-0.060347282596299
18123,0.290602609269815
18125,-0.0121113319251611
18127,0.201511694393508
18129,0.0682783325950777
18131,0.0741496673325054
18133,-0.0734034057066283
18135,0.0235825393027074
18137,-0.062832922033538
18139,-0.040950820247181
18141,0.0494583332787225
18143,0.176064088384872
18145,-0.0891194036722985
18147,0.136879927396686
18149,0.026498663003672
18151,-0.0633154097704788
18153,0.0109979095818214
18155,0.0805773430528852
18157,-0.0257080504953959
18159,-0.149742139199871
18161,-0.0837940524716845
18163,0.0295579319638279
18165,0.0833352946647672
18167,0.104801676074475
18169,-0.103957116839229
18171,-0.026273650420397
18173,0.0973521186948569
18175,0.0184345822349279
18177,0.0260566209594337
18179,-0.0505198387298474
18181,0.0252102346930135
18183,-0.120228832081386
19001,0.0278582865564684
19003,-0.00726755288865882
19005,0.0703796751752428
19007,-0.0557430110984927
19009,0.113528459078385
19011,0.0896189062939217
19013,0.0748254467472785
19015,0.117955780459093
19017,0.0523484079366854
19019,0.218666264389413
19021,-0.0609171790059158
19023,-0.0141695192161058
19025,-0.117376741540255
19027,-0.0343594267278186
19029,-0.093370914373392
19031,0.0810499544967551
19033,0.0937336024603723
19035,-0.116413883549553
19037,0.106866041436463
19039,0.0582876147113529
19041,-0.106681401835242
19043,0.0522542455517568
19045,0.175637846002467
19047,-0.00825105581130609
19049,0.0532345370578979
19051,0.0114897092579024
19053,0.046963410708295
19055,0.0318552753847902
19057,0.0930233060534951
19059,-0.177594787269602
19061,0.0490872897034952
19063,-0.0855825407928693
19065,0.0498441108500457
19067,0.126793192502222
19069,0.00431667622802562
19071,-0.122055907547214
19073,0.162748299430968
19075,-0.0652479505084137
19077,0.0201183743046636
19079,0.125865434246267
19081,-0.0576458826157058
19083,0.0254072924918352
19085,-0.0110489188078804
19087,-0.0783768918340931
19089,0.168268086891197
19091,-0.0848665657891178
19093,-0.10433282861885
19095,0.114291371300986
19097,0.0422954149782727
19099,0.121523614930146
19101,-0.0126236801368906
19103,0.0321396891563634
19105,0.0942167968241328
19107,-0.115160976114604
19109,-0.0166300143112282
19111,0.029953374414895
19113,0.156159737986919
19115,-0.0201961858805154
19117,0.0197168487551439
19119,-0.212691717033788
19121,0.0877300270893875
19123,-0.206649145621743
19125,-0.064891660393409
19127,0.152320518217542
19129,-0.0965463397888216
19131,0.165934250134384
19133,-0.0111689276663543
19135,-0.105148347627663
19137,-0.103236423169428
19139,0.0995908410485509
19141,-0.210934375844795
19143,-0.25673533652308
19145,-0.157529792711005
19147,-0.00906318063730516
19149,-0.144753852469041
19151,-0.175906346103301
19153,0.0780212679895639
19155,0.0196489409780177
19157,0.128046286167519
19159,0.00849585614074622
19161,-0.136652837462114
19163,-0.0625884221325432
19165,-0.0335152010438902
19167,-0.25274966146699
19169,-0.0551386535224551
19171,0.058742946077994
19173,-0.0602030430438227
19175,-0.000135697920978839
19177,-0.0547176215040303
19179,0.0508734053808007
19181,0.0975006617297336
19183,0.0806640701663197
19185,-0.0723594002459274
19187,0.0171103220334107
19189,-0.0423920104130975
19191,0.105218172036523
19193,-0.0296101503397019
19195,0.0897704393969789
19197,-0.030758418381962
20001,0.0653993618999519
20003,0.128853295812684
20005,0.0723013125636264
20007,-0.0437456514474046
20009,-0.0374896658206896
20011,0.00981213880124576
20013,-0.106887891053968
20015,0.0340955111900085
20017,0.074724987554298
20019,-0.121833973641992
20021,0.061854706705779
20023,-0.0650953435548802
20025,-0.0533529537020632
20027,0.031343813277539
20029,-0.00427565373725736
20031,-0.0149718648162156
20033,0.0312648076173233
20035,0.13651310367289
20037,0.14485747469041
20039,-0.283577942843387
20041,0.0130681189181632
20043,-0.021335841936252
20045,0.205367517824925
20047,-0.0162633455239928
20049,-0.136279200058979
20051,-0.181782283296001
20053,-0.0491839235215784
20055,-0.0289174109890208
20057,-0.098312172399947
20059,0.0855220702546459
20061,0.062912339615811
20063,0.0374623323033186
20065,-0.0893142582132399
20067,-0.109655766945273
20069,0.0281621679193774
20071,-0.115694863353535
20073,-0.0255163170054561
20075,-0.0744492268959296
20077,-0.0231827142409802
20079,0.243024069287605
20081,0.0821382485078874
20083,0.00716725638380411
20085,0.101385381121639
20087,0.227144838872629
20089,0.00439106408291157
20091,0.0150814489315675
20093,-0.0166152541957197
20095,0.0363380101524415
20097,-0.166808667335132
20099,0.0853402731289464
20101,-0.0207413962465214
20103,0.0414896434322035
20105,0.0436151425188365
20107,0.0233362721557228
20109,-0.0264952382521411
20111,0.117432166962481
20113,-0.0128800158091357
20115,0.114488870847087
20117,0.17183725269103
20119,-0.011954052079132
20121,0.0911017276426046
20123,-0.0423659671662413
20125,-0.0796590953939656
20127,0.142377505560098
20129,-0.0665874222676415
20131,-0.0707517694212721
20133,0.109991025998746
20135,-0.13804008926633
20137,0.0763245103446869
20139,0.101893186101257
20141,-0.0530416788977012
20143,-0.0405139740568242
20145,-0.032930356967326
20147,-0.0568455969379639
20149,-0.0460133763752387
20151,0.0161707299071191
20153,-0.0536358554925594
20155,0.156840101648052
20157,-0.132589139480581
20159,-0.103194968791317
20161,-0.0375803210411117
20163,-0.189486950145074
20165,-0.134411505412291
20167,-0.181731470827694
20169,-0.00198655654585461
20171,-0.150349933483452
20173,0.0484862620066804
20175,-0.108037658826243
20177,0.16726367040774
20179,0.00223204674050137
20181,-0.113554906856279
20183,0.102283260640312
20185,0.00115240444933673
20187,-0.000994136432642012
20189,0.0372677870904785
20191,0.0547768578960464
20193,-0.174118679461008
20195,-0.0490373803229849
20197,0.0763988965974506
20199,-0.0275752756742748
20201,0.0688452689604436
20203,0.0544672774943024
20205,-0.0402083400533787
20207,-0.0398888130014859
20209,0.276146588330032
21001,-0.141366456332999
21003,-0.0835856360030967
21005,-0.0295961343029941
21007,0.0302466512680125
21009,-0.0141971962086868
21011,0.249235202771685
21013,-0.065211236311569
21015,-0.108350575125729
21017,0.101593950387306
21019,0.102582285771655
21021,0.0357767720206432
21023,-0.00327763872089037
21025,0.0900895171749018
21027,0.104525816619617
21029,0.0212170609304785
21031,0.0804274484182044
21033,-0.073629709305141
21035,-0.0254286348079221
21037,-0.090790806718805
21039,-0.0784748651660784
21041,0.104751216844127
21043,0.0208905401986876
21045,-0.107141868854114
21047,0.0496956727090871
21049,0.0204176744771037
21051,-0.136908803856859
21053,-0.0418453309776458
21055,0.0253846742709438
21057,-0.123218985397006
21059,0.026132224021005
21061,-0.0310848778029025
21063,0.0811802788741531
21065,-0.0109416501543036
21067,-0.0211373522699965
21069,0.0542051078450836
21071,0.0444822057897262
21073,0.12465715681924
21075,-0.0133970959402471
21077,0.0131753308807909
21079,-0.0164197450465667
21081,0.00266862721714578
21083,-0.0292951118429667
21085,0.0520747817459368
21087,-0.0291193705607464
21089,0.0736228821659907
21091,0.262115563498402
21093,-0.0197614116229914
21095,-0.128330609624983
21097,0.0445736507777397
21099,0.108814328877238
21101,0.106656157906265
21103,0.0553464993354049
21105,-0.0457614834779616
21107,-0.0664674900928215
21109,-0.209654577082206
21111,0.0579089683363981
21113,-0.0969984115904222
21115,-0.10660555907774
21117,-0.141371924835073
21119,0.0297998060543608
21121,-0.100618869467068
21123,0.0522178084360143
21125,-0.111096804859203
21127,-0.0437421325202164
21129,-0.105524630998501
21131,-0.169674878481485
21133,-0.0894235851316469
21135,-0.0894946918377449
21137,-0.00545307390168237
21139,0.0403686353186986
21141,0.0409645549914979
21143,0.01251712486687
21145,-0.0780069230645969
21147,-0.148494072584644
21149,0.134666843264691
21151,-0.0941594515988995
21153,0.098264233719643
21155,0.144951279368271
21157,-0.0076861797475416
21159,-0.132502360826114
21161,0.0621021849751538
21163,0.0792620160526619
21165,0.0469242702887925
21167,-0.0610870400190763
21169,0.105247026699594
21171,-0.131842643340261
21173,0.0335430363983514
21175,0.0626573920527427
21177,0.112693788394962
21179,0.150725843149501
21181,0.171940493404515
21183,0.111397707948851
21185,-0.00533060371014482
21187,0.0555291815777377
21189,-0.225189982239245
21191,0.0326585632706896
21193,-0.0120617459279142
21195,-0.0745925347378997
21197,0.0337976471895072
21199,-0.10673656857851
21201,0.00262850606438847
21203,-0.0521055672936704
21205,-0.00828037233664281
21207,-0.192355796241479
21209,0.0236247859083486
21211,0.0342924760444809
21213,0.0480041106745527
21215,0.035249236792221
21217,-0.0403317005314201
21219,0.0693029433550284
21221,0.0286706263549664
21223,-0.00183062053931526
21225,-0.0632344887144602
21227,-0.000863331593590755
21229,0.0353103339400094
21231,-0.0103306455001964
21233,0.0597769167517592
21235,-0.0711909197004643
21237,0.158115031986556
21239,0.0709601118869126
22001,-0.0439756464747045
22003,0.0097425509502751
22005,-0.0237934171967097
22007,0.0590883842656869
22009,0.0033684226370555
22011,0.0382840697891974
22013,0.143484237713497
22015,-0.121080438664305
22017,-0.0206622067462114
22019,0.0183515104670498
22021,-0.0157561959070472
22023,0.0441950956454733
22025,0.150161325804108
22027,-0.0871050788616945
22029,0.0722735500317562
22031,0.126115141890585
22033,-0.133668373194076
22035,-0.041515358554782
22037,0.042526404209465
22039,0.0329004645159982
22041,0.00192995863674311
22043,-0.0494938488075007
22045,-0.0642668567107447
22047,0.181345237319089
22049,0.0171243965706772
22051,-0.123890229051663
22053,-0.00150032030461889
22055,-0.202035399327802
22057,-0.13707204180259
22059,-0.0578809754485439
22061,-0.301255510718606
22063,-0.0611591160397525
22065,-0.0423481302091635
22067,0.061892748548372
22069,0.0464508008026383
22071,0.0168072903103472
22073,-0.0479271362014103
22075,0.172620010267083
22077,0.0630899447459587
22079,0.0343410823856894
22081,0.171623534200782
22083,0.0213687421984321
22085,-0.0598795886331326
22087,0.137244399718817
22089,-0.0112882481252297
22091,0.0965430999405465
22093,0.0137897573703522
22095,0.0868209006112989
22097,0.0151624297033476
22099,-0.0345777787670323
22101,-0.0597431264545827
22103,-0.107491050776131
22105,-0.0187469436763609
22107,-0.00645281866566486
22109,-0.0516669896058231
22111,0.068137629181109
22113,-0.0821755193644454
22115,-0.0444334072269784
22117,0.0544090755833052
22119,0.0277299060640109
22121,-0.00138669203506864
22123,-0.0796973038780074
22125,0.0632890095196414
22127,0.0417146358323153
23001,-0.025413237647535
23003,0.0612825589890282
23005,0.01812937913337
23007,0.0223941255310638
23009,-0.000925378124057019
23011,0.0629390282038759
23013,0.109825736848286
23015,0.00366819701575707
23017,0.0100290180210722
23019,-0.026402713118466
23021,-0.0643199523207247
23023,-0.0341000654267647
23025,-0.0102667434344689
23027,-0.0468314418440547
23029,-0.0820682143273065
23031,0.00205970250093987
24001,-0.118275765263196
24003,0.075489420341728
24005,0.0351531465746764
24009,0.0598937809847609
24011,-0.013302447242992
24013,-0.0367633119395641
24015,-0.000814673700892998
24017,0.185111139718219
24019,-0.017958013857852
24021,0.153007359641163
24023,-0.0542432881988962
24025,-0.104915916528015
24027,0.0489134851229059
24029,0.0973006818200813
24031,0.128896525458699
24033,0.0353026688072012
24035,-0.0817891875227372
24037,-0.0169369558612706
24039,-0.202635119126425
24041,0.00297838851499709
24043,0.0133571950572374
24045,-0.056051381892275
24047,-0.0765361622620845
24510,-0.0551815686453885
25001,-0.115254761217763
25003,0.30786419755749
25005,-0.0108934670204426
25007,0.384114194981374
25009,-0.0625179298603701
25011,0.206838614194897
25013,-0.197249288440045
25015,0.0300415537715888
25017,-0.0917410480059608
25019,0.00248850123368155
25021,-0.110698935947255
25023,-0.0580904226562566
25025,-0.237130989308859
25027,-0.0477702192820599
26001,-0.0183594683240939
26003,0.032830289611687
26005,-0.0192182170933884
26007,0.0822378681056535
26009,-0.0546954174476454
26011,0.0915888637853624
26013,-0.0872684323897771
26015,-0.0412404496216169
26017,0.119714405902249
26019,0.0434726168724893
26021,-0.0645170267852985
26023,-0.000859134406068662
26025,-0.0255375487112343
26027,-0.0450753348923754
26029,-0.0891289721135035
26031,-0.044102685364634
26033,-0.127231141733239
26035,0.044952839481832
26037,0.0405272570100247
26039,-0.0364384380947803
26041,0.0345881070117749
26043,-0.0652547685037145
26045,0.110987903230685
26047,-0.14095296314538
26049,0.117348985693039
26051,0.0532870531982124
26053,0.125028558276773
26055,-0.0145725598704533
26057,0.025735444221121
26059,-0.142752798611115
26061,0.00856410822564566
26063,0.0506809106657085
26065,0.0524636671429748
26067,0.0052466896369841
26069,0.047280933701043
26071,-0.0191217467551644
26073,-0.0353905686572294
26075,-0.0411245475792668
26077,0.0738023940970118
26079,-0.0851247430989601
26081,-0.0379349258522081
26083,0.0921284181967509
26085,0.0409389658588374
26087,-0.0874351151773856
26089,0.00580568233943626
26091,0.0257463233244932
26093,-0.13924556831191
26095,-0.10712348144142
26097,-0.0466417661331479
26099,-0.0717165050646589
26101,0.111120540631629
26103,0.158954949664768
26105,0.0714111235803065
26107,-0.0767055681850362
26109,0.0534099284428153
26111,-0.0443798626809221
26113,-0.058687291763442
26115,0.0360528117594884
26117,-0.00187058706268256
26119,-0.0837605365509886
26121,0.148530107014689
26123,-0.00751662339083936
26125,-0.127210541083314
26127,0.0463934112369802
26129,0.0282001154813708
26131,0.0597266149312181
26133,-0.0579743493778009
26135,0.0185812680384991
26137,-0.0606686714820135
26139,-0.118079471414908
26141,0.0843123419131494
26143,0.0312340795366804
26145,0.00744510096547039
26147,-0.0794416058572358
26149,0.0382261428185912
26151,-0.072651714005839
26153,-0.011842865855791
26155,0.134679016998923
26157,0.0469588943691246
26159,0.102774089635968
26161,-0.0159653952568913
26163,-0.0180793999729104
26165,0.0199299865109835
27001,0.0715855221322445
27003,-0.00816913869313658
27005,-0.0496560115764569
27007,0.00782923703018432
27009,-0.197972078837994
27011,0.155716886928817
27013,0.0284686719403954
27015,-0.145284083943921
27017,0.225125082333044
27019,-0.0629007825646945
27021,-0.0328084660064056
27023,0.0183271762035498
27025,-0.0497466035682884
27027,0.104973337888392
27029,-0.0304677018126679
27031,0.234678733678656
27033,-0.0167240467158339
27035,-0.0671343039834238
27037,-0.0185436917084067
27039,0.00408112989129006
27041,-0.097341359485395
27043,-0.0673595811327734
27045,0.0768871278327209
27047,0.0558502229954534
27049,0.0575170440205758
27051,0.0469615928375601
27053,-0.00506947980531458
27055,0.147903688610194
27057,-0.0436876792314878
27059,-0.138039837118053
27061,0.123719774328198
27063,-0.0120763842500267
27065,-0.026346120260743
27067,-0.0154267080003093
27069,0.11548119863801
27071,0.0696839834037078
27073,0.116748814941664
27075,0.241625539436114
27077,-0.154180269317649
27079,-0.0950291794421112
27081,0.0146892803345024
27083,-0.102350383260766
27085,-0.086929320892233
27087,0.00115883186857413
27089,-0.0755111997168771
27091,-0.0866883455083938
27093,-0.107332452599781
27095,-0.0548464257816582
27097,-0.231395010957984
27099,0.13853012270514
27101,-0.0101898018326064
27103,0.072303863940447
27105,-0.0739395219657192
27107,0.263034543293408
27109,-0.00205548317045519
27111,-0.0624959558763132
27113,0.0245410616407799
27115,0.0811683339564944
27117,-0.0916959981446853
27119,-0.0369541287171255
27121,0.00725120962044545
27123,0.0416624788425023
27125,0.0937443889835813
27127,-0.11709869671898
27129,-0.0697153256598604
27131,0.103522310633352
27133,0.0299271780616244
27135,-0.0904749931263389
27137,0.240419901864173
27139,-0.0397535029298159
27141,-0.104389110296726
27143,-0.0960093217416118
27145,-0.125474080433951
27147,-0.103403579018457
27149,0.102077229836412
27151,0.0672678903295335
27153,-0.103495883052894
27155,0.252457201347043
27157,0.00497582523756795
27159,-0.0557412200516906
27161,-0.104955974279557
27163,0.00125250272543806
27165,0.0231446762874062
27167,-0.0294834377077464
27169,0.0072376776587692
27171,-0.070317304144837
27173,-0.00687130919575168
28001,-0.0527670133412624
28003,-0.0192383973392971
28005,-0.0198481039151705
28007,0.0280176861250379
28009,0.251067752512879
28011,-0.0366492359719199
28013,0.03255628727057
28015,0.0429512528248981
28017,0.123279215291345
28019,0.00702606504194864
28021,-0.201044057838068
28023,0.100753374200729
28025,0.00900288843968597
28027,-0.14458058258618
28029,0.120112129193293
28031,0.0245146886843501
28033,0.0476648600604199
28035,-0.0509619338490782
28037,0.122387698587913
28039,-0.0221962125559607
28041,-0.0873020610205185
28043,0.0267456423638115
28045,-0.168322758227871
28047,-0.0677822056067097
28049,-0.0895500251452986
28051,-0.0550543766573901
28053,-0.101982638236104
28055,-0.0152733380930586
28057,-0.00276786122630013
28059,-0.0873595831779734
28061,0.105047155070067
28063,-0.155372969727129
28065,0.00956288977291242
28067,-0.0361430267067783
28069,0.0235632672700409
28071,-0.0539360614097471
28073,-0.189938089960061
28075,-0.0430712651358451
28077,0.167101229440244
28079,0.145771453990958
28081,-0.0659228408809009
28083,-0.0502544072305439
28085,0.00934530951018164
28087,-0.0251098513054174
28089,-0.227336224159885
28091,0.053623740170316
28093,0.17240947507406
28095,0.0957361024934151
28097,0.0765686519716011
28099,-0.0500727705424658
28101,0.0512344589274819
28103,0.136776934707614
28105,-0.220999888755946
28107,0.0661893150718526
28109,-0.00175074592241664
28111,0.0915805081632521
28113,-0.0228562191663358
28115,-0.0116214449222066
28117,0.0981572727263285
28119,0.0209418058768178
28121,-0.129977080391437
28123,0.0655873524124537
28125,-0.0788961682231739
28127,0.0585113884768531
28129,-0.02679357806972
28131,0.0435655526818236
28133,-0.00541695562789041
28135,0.142749095533952
28137,0.0167856881985785
28139,0.1051555187118
28141,-0.011805191439087
28143,-0.0575677336621786
28145,0.00376637693326709
28147,0.0384150654819591
28149,-0.0803789348510308
28151,-0.046264442570589
28153,0.0624525099582161
28155,-0.0121722614678462
28157,-0.056815063742462
28159,-0.0251446131091133
28161,0.16388456246689
28163,-0.0522640079209646
29001,-0.00870025792502382
29003,-0.0566375492824019
29005,-0.114829116010367
29007,-0.0028908933873778
29009,0.00451717183309996
29011,-0.021829776743839
29013,0.0653096545483068
29015,0.0911449769753413
29017,-0.0508154411735211
29019,-0.0246662899160868
29021,0.0648484728437059
29023,-0.0917705397328505
29025,0.0256281050113101
29027,-0.0409497287001311
29029,-0.0637424263749321
29031,-0.158644983849896
29033,-0.0473219632557063
29035,-0.0426516589831806
29037,0.0623441545823462
29039,-0.0516586536311286
29041,0.101011940200947
29043,-0.00792463273286315
29045,0.0951313713898425
29047,0.142233816879853
29049,0.122151809407972
29051,-0.158251218294741
29053,0.0161057249239845
29055,-0.0100785336091883
29057,0.0053257704183336
29059,-0.0670370231054541
29061,0.122481446745161
29063,-0.0843712831448252
29065,-0.0377271400905168
29067,-3.76914855388932e-05
29069,-0.0535225808421059
29071,0.0254424541866419
29073,0.0250472692394237
29075,0.0456752287952182
29077,-0.0366250587881813
29079,-0.0704516822391174
29081,0.0344551301415945
29083,0.082536569754744
29085,0.0916599112882863
29087,-0.175700400669615
29089,0.0125673656549214
29091,-0.0628717479906115
29093,0.0728403075146283
29095,0.118937863516635
29097,-0.0685215656041755
29099,0.0799358691722341
29101,-0.0159784359286525
29103,0.109829298523852
29105,-0.0489084813201461
29107,0.0946211371487825
29109,0.011396131064958
29111,0.00977671006631908
29113,0.0196089492634387
29115,0.0480671227976953
29117,-0.10160941517033
29119,-0.0782954334782117
29121,0.0494284594355423
29123,0.0818424710981372
29125,-0.0491896021479906
29127,-0.0567248881836333
29129,-0.0306626523843673
29131,-0.0669461772836732
29133,-0.0184776856411505
29135,-0.0175339216453035
29137,0.00266685360785113
29139,-0.0161491260339495
29141,-0.0044807902208166
29143,-0.0124162419615374
29145,-0.0391695616484954
29147,-0.0767411540590347
29149,0.0324625515405459
29151,-0.100586993430732
29153,-0.0962519994891567
29155,-0.014504294160199
29157,-0.00687479161879334
29159,0.0555266546292558
29161,-0.0776738597782127
29163,0.0924988769611096
29165,-0.010920409322983
29167,-0.065213448314139
29169,-0.227849373236392
29171,-0.0192181548296766
29173,0.0598823679685968
29175,0.0181645789370503
29177,0.198763739670313
29179,0.142252671480602
29181,-0.0864491441252414
29183,7.7527914291553e-05
29185,0.089789162265033
29186,0.257736838346856
29187,0.0705427931796859
29189,-0.00862778525410424
29195,0.0710450794061921
29197,0.0782973279280187
29199,0.0192258007775826
29201,-0.0816520908629006
29203,0.00887592049900598
29205,0.0629068560417821
29207,-0.163240759734955
29209,-0.0861844963480412
29211,-0.0718962268856161
29213,-0.0882182705443971
29215,-0.0230469128560503
29217,0.0289042133036194
29219,0.122493541264512
29221,0.042492473640832
29223,-0.0183004525087277
29225,0.0968876225651826
29227,0.0323607778657405
29229,-0.0217198538551536
29510,-0.003814172390603
30001,-0.107280952862818
30003,0.00453593057476902
30005,0.163943463419473
30007,-0.149352061730027
30009,-0.0259498189414967
30011,0.129556878464877
30013,0.0862773704640875
30015,0.00623072504950434
30017,0.0774912924109822
30019,0.0116355826086271
30021,0.0480716690448254
30023,0.436769182308195
30025,-0.0988476513217813
30027,-0.0974712943498675
30029,-0.0641715321250566
30031,0.029103318878215
30035,0.131586931273413
30037,-0.0200132517422421
30039,-0.086277471332075
30041,0.154813291650017
30043,-0.0463328639057244
30045,-0.139719450545727
30047,-0.0735137972522963
30049,0.11424450073336
30051,0.159594524659598
30053,-0.148952292476548
30055,0.099662465506712
30057,-0.115809740526483
30059,-0.183080235447873
30061,-0.0444496378001726
30063,0.161965787922925
30065,-0.117145976405459
30067,-0.0802716063818874
30069,-0.165592752090518
30071,-0.0959794670719911
30073,0.00586743428107273
30075,-0.183281564066991
30077,-0.132725140663072
30079,0.0217457340394619
30081,-0.0827373963743211
30083,-0.0750749903737544
30085,0.0198245690903115
30087,-0.107145779550864
30089,-0.136209660127372
30091,0.214170447465508
30093,0.383338513535219
30095,-0.128866458534238
30097,0.0109326233083251
30099,0.100098913174784
30101,0.0158942031089577
30103,-0.0208896590707344
30105,0.0767203979095197
30107,0.0452778412276398
30109,0.0238753268645597
30111,-0.00608641590350772
31001,-0.0145730703039427
31003,0.00197289264286904
31005,-0.100095467981418
31007,-0.0463061534455641
31009,0.0625683891984853
31011,-0.026782722364683
31013,0.0301598661569049
31015,0.0410787895324607
31017,-0.0379794798061204
31019,-0.100203880732789
31021,0.225030308565138
31023,-0.00551690328650134
31025,0.153746425995342
31027,-0.0600940496939835
31029,0.00160453294753771
31031,0.063188289995618
31033,-0.111713865178556
31035,-0.0306586583065817
31037,-0.0655682291605455
31039,0.0178792664915897
31041,-0.0815897667180858
31043,0.189500708616532
31045,-0.143092750581286
31047,-0.0306124239113347
31049,-0.0741561138365099
31051,0.0119398017791379
31053,0.144177210714106
31055,0.0736965809792283
31057,-0.167943848662289
31059,0.00741903551655232
31061,-0.0267997344404458
31063,0.0227851580515537
31065,-0.0656757724891771
31067,0.193085734788577
31069,0.00408705624086558
31071,-0.0781981372943694
31073,0.188176375805958
31075,-0.00585869694290386
31077,0.082689842436567
31079,0.0422339857938927
31081,0.0170388253773265
31083,0.0574457590673498
31085,-0.00367240583172268
31087,-0.0699328772400096
31089,-0.00266185099971405
31091,0.0266973117272323
31093,0.0533407422009955
31095,0.129045279964252
31097,0.15068123909396
31099,-0.0866484854955626
31101,-0.135264407090788
31105,-0.067562701825165
31107,-0.0516133156139804
31109,0.197164611394137
31111,-0.0341902329561421
31117,-0.0951840450315011
31119,-0.0981833153024287
31121,-0.0283262824840449
31123,-0.0754797256772989
31125,-0.0803859977835236
31127,-0.0249126652141949
31129,-0.0380368757363762
31131,0.0512043392014245
31133,0.0826667267150059
31135,-0.0355603774658145
31137,-0.0897749980068274
31139,-0.082825467029811
31141,-0.119997942848005
31143,0.0095861932318978
31145,-0.106669447356379
31147,-0.0634704557387768
31149,-0.132744683928176
31151,0.267193936184231
31153,0.0762947691744779
31155,0.0836888215068719
31157,-0.100368912824945
31159,0.121934152266504
31161,-0.172915531611284
31163,0.119358780426181
31165,-0.103933430235296
31167,-0.0693520383813248
31169,0.116781963240828
31171,-0.0608883656179168
31173,0.063357938458732
31175,0.0777109466150788
31177,0.0269202755850499
31179,-0.0869967688064274
31181,0.0391757061938844
31183,0.108200738711626
31185,-0.0415359793153777
32001,-0.0602590937479374
32003,0.0749308094109045
32005,-0.08484050971624
32007,-0.0269773898007365
32009,-0.0664944527308344
32011,-0.11730572230477
32013,-0.0479168097554068
32015,0.128464021028947
32017,0.179506107390499
32019,-0.0688397534516891
32021,0.0448881805540296
32023,0.0985519808444968
32027,-0.00361742076031968
32029,-0.108009166481205
32031,0.0714681456695771
32033,0.0239170338210016
32510,-0.0374659599702837
33001,-0.131616303924153
33003,-0.0517499235623101
33005,0.0722450689347433
33007,0.117156104540872
33009,0.057040941942395
33011,-0.042891783726583
33013,0.0373773898869274
33015,-0.104708960247794
33017,0.0424330190184037
33019,0.00471444713750962
34001,-0.009111477242687
34003,-0.00274954676770231
34005,0.175172472228949
34007,0.212879841889884
34009,-0.0292888837647885
34011,-0.00913268381860628
34013,-0.0278886420825681
34015,0.215991296358258
34017,-0.0959694266379537
34019,-0.077138875278185
34021,0.105454518244718
34023,0.00127246450075749
34025,-0.138480550474454
34027,-0.120756400923114
34029,-0.106752176128482
34031,-0.0637043994055825
34033,0.0421359427342008
34035,-0.0269055614491211
34037,-0.0732009645817117
34039,0.0712335134370822
34041,-0.0430604608388511
35001,0.000382223834391265
35003,-0.0387900458753667
35005,-0.133162175048393
35006,-0.0428823704119703
35007,0.0786774748821616
35009,-0.183149092667832
35011,-0.109689174246041
35013,-0.0396404084125411
35015,-0.0779485538573224
35017,0.127368612826879
35019,-0.0323241730687591
35021,0.0683007897542768
35023,0.00576718809845944
35025,-0.169109331641023
35027,-0.162985074521204
35028,-0.0244536141977322
35029,0.00688903905711055
35031,0.170107643361047
35033,0.0976045208567338
35035,-0.0482942247752723
35037,-0.0833989130725235
35039,0.0866641621900969
35041,-0.143516235830519
35043,0.132427026370855
35045,-0.121156691766783
35047,0.0217890355132818
35049,0.228442888065349
35051,0.054851890220022
35053,0.209250727836226
35055,0.411231969202117
35057,-0.0630457636363072
35059,-0.158402558021516
35061,-0.0678067910178416
36001,0.0510881290686229
36003,-0.0988882089737314
36005,-0.246561804714509
36007,0.0778768749931359
36009,-0.0289441533063678
36011,0.0723154456094326
36013,-0.0426969192351336
36015,-0.0184650688805866
36017,0.0456394041210998
36019,0.234128828932421
36021,0.175190838417535
36023,0.124172797568648
36025,-0.0193944527173705
36027,-0.00983100308828742
36029,-0.000431333978001353
36031,0.238931069173899
36033,0.156400845887698
36035,-0.0850318198118705
36037,-0.0884116323331955
36039,-0.0351218698289973
36041,0.0389506114061427
36043,-0.0658193916244314
36045,0.0709828247332759
36047,-0.0343918499125373
36049,0.0967043045918187
36051,0.0180676772568098
36053,0.0498843549800419
36055,-0.0444986015047862
36057,-0.0693890525975134
36059,-0.113197827232349
36061,-0.246065757426226
36063,-0.0545626539194139
36065,-0.013446944136491
36067,0.0707540640896759
36069,0.0282287703760658
36071,0.00100534402435547
36073,-0.166831793194231
36075,0.0669646066175838
36077,0.0285530428441255
36079,-0.127329278782536
36081,-0.0664962418818513
36083,0.0917193657597075
36085,-0.272469448421961
36087,-0.0171378886144951
36089,0.155099889161153
36091,0.00702284797391461
36093,-0.00730641615008909
36095,-0.0669505213915442
36097,0.0089051795771003
36099,0.123386860789736
36101,-0.0610478783550548
36103,-0.121814485328625
36105,-0.0206518293664415
36107,0.00968925403109772
36109,0.095587366588933
36111,0.130152750681841
36113,0.0479226281180627
36115,0.0929138478554404
36117,-0.0334720038516965
36119,-0.0332403814634286
36121,-0.177639576754701
36123,0.079298263549186
37001,0.0101536504094525
37003,-0.0866809091588757
37005,0.116511784290729
37007,0.0162497397089867
37009,0.129177777214489
37011,-0.0974929807076945
37013,-0.0359399090781926
37015,-0.0818422429041865
37017,-0.0171160669969372
37019,-0.0538057610194078
37021,0.222749302172501
37023,0.00878834090878683
37025,0.0378825154349656
37027,-0.0377165210464164
37029,-0.0313958893884947
37031,-0.169432809108764
37033,-0.0107540917480236
37035,-0.0600617858012158
37037,0.153954983415725
37039,-0.0584918144731285
37041,-0.067434801031611
37043,0.07762402977562
37045,-0.0515213825847275
37047,0.00798964608988559
37049,0.0161389934400175
37051,0.0526142541335236
37053,-0.0705993671580872
37055,0.0206158388225015
37057,-0.143929771175056
37059,-0.10247453335323
37061,-0.00894704948399952
37063,0.0418629303142056
37065,-0.00338298936499776
37067,0.045023087395387
37069,0.0696175763919567
37071,-0.0843855322246248
37073,0.186452362485549
37075,-0.058619828556088
37077,0.117831005475085
37079,-0.063486238140554
37081,-0.00856403613015841
37083,0.0410228222669421
37085,-0.0262836659399981
37087,0.137791393612134
37089,-0.00071907080635758
37091,0.0637545974130324
37093,0.0569197137575505
37095,-0.0534018160994364
37097,-0.0924423654323612
37099,0.0991617871009669
37101,0.015350378405378
37103,-0.000392843486328898
37105,0.0295793009571821
37107,-0.0423084627366811
37109,-0.0519127396023851
37111,-0.00937004141984354
37113,0.0878640881914566
37115,0.258522887761938
37117,-0.0267219938027456
37119,-0.00683280931495572
37121,-0.0644418093743957
37123,-0.00315208936848049
37125,-0.0699925221131091
37127,-0.0458407300884708
37129,-0.0816789184666345
37131,-0.0873647704440983
37133,0.032111000476703
37135,0.13605538189441
37137,0.0577176379309508
37139,0.0633150862638032
37141,-0.00557951566114678
37143,-0.0309027509551719
37145,-0.0340695442171992
37147,-0.0762209562236163
37149,-0.0524573488828748
37151,-0.166769938807287
37153,0.0266550607278157
37155,-0.193522688266064
37157,-0.0246435551993543
37159,-0.0999894934792483
37161,-0.057085398715883
37163,0.0120498900699066
37165,-0.0240517721984765
37167,-0.0868949711533934
37169,-0.0655438082918834
37171,-0.006910004202622
37173,0.100493721862124
37175,0.0326000799920737
37177,-0.0153462897870784
37179,0.0327655745283653
37181,0.0364801282548621
37183,0.0580541665887137
37185,0.103155037162212
37187,0.0750903751706923
37189,0.129977970070722
37191,-0.0322320036157906
37193,0.0179258611096882
37195,-0.00572596337256403
37197,-0.115002391736824
37199,0.124229594448624
38001,0.00633788374561395
38003,0.0285335495873481
38005,-0.00193510521207844
38007,-0.214990876089622
38009,0.0588560733279411
38011,-0.161356436027453
38013,-0.159425516054116
38015,-0.226479272390866
38017,0.041947436005055
38019,0.137347300106438
38021,0.0405751202734216
38023,0.133968746361203
38025,-0.124615265063034
38027,0.157327933987753
38029,-0.103882946623254
38031,0.140631975104941
38033,-0.18860040937944
38035,-0.0254977606202592
38037,-0.045791683344988
38039,0.185294455228684
38041,-0.0277541115887429
38043,0.00712453035287919
38045,0.151731551970988
38047,-0.0190917243617443
38049,-0.0387819341169821
38051,-0.0848948176260718
38053,0.00962112747663979
38055,-0.026762531800291
38057,-0.144345027818091
38059,-0.175914006557082
38061,0.0618956888082433
38063,0.121710985453387
38065,-0.0956359193145171
38067,-0.114395457594188
38069,0.0957124049229453
38071,0.0339732260435296
38073,0.235135255647349
38075,-0.0694222773775143
38077,0.0810868333912202
38079,-0.189961208903441
38081,0.293776165252654
38083,-0.0384178048013469
38085,0.0800475444446034
38087,0.00640874739240815
38089,-0.206123600341461
38091,0.285511835300755
38093,-0.0480345403637981
38095,0.256865861308161
38097,0.00939481369014272
38099,-0.0343330029136624
38101,-0.0980049775179715
38103,-0.00902581697732263
38105,0.0126569855950553
39001,-0.0459791616067168
39003,-0.124254086280214
39005,-0.111028820325868
39007,0.141329620078232
39009,0.267651185352546
39011,-0.182781985706999
39013,0.0160499735135028
39015,-0.0176144305675605
39017,-0.0848585319736531
39019,-0.0049101214131424
39021,-0.0402057330470779
39023,0.0864764342662625
39025,-0.108149495577977
39027,-0.102728083660923
39029,-0.0305510576094554
39031,0.0168917772240376
39033,-0.000676747613433504
39035,0.0617441681413467
39037,-0.0956750217122101
39039,0.0430528023766645
39041,-0.0401357834881938
39043,0.0821969999628279
39045,0.0622348090262815
39047,-0.0275181588932399
39049,0.0825098725402744
39051,0.114238288292808
39053,-0.105088944278673
39055,-0.00318922676174921
39057,-0.179549576551625
39059,-0.00839478255542281
39061,-0.0832855480726242
39063,-0.156299306755083
39065,-0.0557231041696333
39067,0.0522910393112858
39069,0.0443702372754351
39071,-0.0441936106886525
39073,0.0791980225966489
39075,0.187717504762158
39077,0.0435054696160906
39079,-0.100556961771191
39081,-0.0501949696523381
39083,0.0177689735115574
39085,-0.00698142810042751
39087,-0.0117996840027461
39089,0.0539438521443132
39091,-0.14897916500412
39093,0.11024500653707
39095,0.118357412736198
39097,0.0371140023096486
39099,0.115919605735637
39101,0.0428639873870843
39103,0.0110744203746481
39105,-0.0230068012124827
39107,-0.204527566241857
39109,-0.104805031591122
39111,0.126785147012706
39113,-0.0259858540965022
39115,0.0754079430405939
39117,-0.0106823385356035
39119,0.0122965433936813
39121,-0.00929469967203334
39123,0.0862868228934585
39125,-0.0116326810257075
39127,0.0600468938038947
39129,0.0150385776686832
39131,0.0662500064128978
39133,0.0300567282568346
39135,-0.00391282403676685
39137,-0.212276447180208
39139,-0.0337781255294859
39141,0.121412583172608
39143,0.104633590875888
39145,0.0051280348089221
39147,0.0567027947012093
39149,-0.179528037884799
39151,0.0252595937508778
39153,0.090015874877859
39155,0.162481265239961
39157,0.0611107388063016
39159,-0.0425078916661884
39161,-0.127745473063186
39163,0.0712659365299283
39165,-0.177929277739458
39167,-0.031823847113484
39169,0.0817219288128393
39171,-0.0272783367311021
39173,0.095143988709781
39175,-0.0377716966804244
40001,-0.244038723859144
40003,-0.139148820655584
40005,-0.00979998186441677
40007,-0.071624932675018
40009,-0.0261722370349251
40011,0.0710195298202551
40013,-0.0366939419886599
40015,0.0577963447455783
40017,0.0840793174735291
40019,0.0142961733579153
40021,-0.0645429688506179
40023,-0.1345959991309
40025,-0.059059711462831
40027,0.0685089636284175
40029,-0.0204200035330758
40031,0.0585931333478094
40033,0.0444376384415645
40035,0.0177784127445504
40037,0.0236835772276186
40039,-0.0818049585311614
40041,-0.0928076675496859
40043,0.0217435792387716
40045,0.040750259773684
40047,-0.0106446812163221
40049,0.0134184851612046
40051,0.0204817732725247
40053,-0.0455302992086556
40055,0.104474481531268
40057,0.0120595714899203
40059,-0.0240091660583258
40061,0.095717591548109
40063,0.100116415179879
40065,-0.132501698074255
40067,0.0494667667876292
40069,-0.0707288742967255
40071,0.0285942020485754
40073,0.0309471392846521
40075,0.0433826313736796
40077,0.0545477942095809
40079,0.00160436578969481
40081,0.105692905343447
40083,-0.0201321099726715
40085,0.114927397644242
40087,0.0190807243792064
40089,-0.142793012362985
40091,0.0750063879527791
40093,0.0107940529386334
40095,-0.0136816062144559
40097,-0.0654751612839262
40099,-0.00337054406360382
40101,0.097362713012141
40103,0.0651165861636569
40105,-0.0605025296775502
40107,0.0504871596719229
40109,0.0679495882819541
40111,0.108197203596611
40113,0.0917902922642416
40115,0.0288041693027501
40117,0.0572672676130486
40119,-0.0387770197051259
40121,0.0338399147754732
40123,-0.125286645275667
40125,0.0825785592189163
40127,0.026295128080158
40129,-0.0461337060585437
40131,-0.0330993425770726
40133,0.110618233626951
40135,-0.0941345681902799
40137,0.0207940990551757
40139,-0.244101440790665
40141,0.0679273283463614
40143,-0.0242664903334015
40145,-0.0553458349238652
40147,-0.0551509115148681
40149,0.052582537866948
40151,-0.110159295539229
40153,0.0519244878632643
41001,-0.127384786197873
41003,0.0514825857536617
41005,0.133171057308233
41007,0.160272801563132
41009,0.140229523446272
41011,-0.0474021518345766
41013,-0.116841138694608
41015,-0.0446930871402766
41017,0.0886814486914849
41019,-0.0673778416700495
41021,-0.0497839666238433
41023,-0.258173507703223
41025,-0.0907288614510215
41027,0.328973459432183
41029,0.0505483558691811
41031,-0.109051166937973
41033,-0.0577997193725702
41035,-0.208363177149166
41037,-0.299520934500347
41039,0.196036278605979
41041,0.184361022814153
41043,0.0219086439019455
41045,-0.107096798419888
41047,0.045791173746117
41049,-0.0104900846654196
41051,0.249334003226264
41053,0.0415899250451362
41055,-0.252811806552046
41057,0.160596108195015
41059,-0.108758753352279
41061,-0.122013526708858
41063,-0.152571864678574
41065,0.237592686793532
41067,0.155402164327916
41069,-0.111082161094221
41071,0.0959740960266654
42001,-0.00660869792793956
42003,0.080175022615137
42005,-0.0778476400188703
42007,0.085403872821451
42009,-0.13421677697048
42011,0.0539201316061659
42013,-0.114437058411264
42015,-0.0303390531705786
42017,0.154381756329877
42019,-0.0803658807576692
42021,-0.083973079563643
42023,-0.0211014859046565
42025,0.05630650902155
42027,0.0608648797151953
42029,0.0909146975065849
42031,-0.092237273188835
42033,-0.0272836803297871
42035,0.0958927913491305
42037,0.00578188735235696
42039,0.0243958169021888
42041,0.0086885469925789
42043,0.0359580284260547
42045,0.107448219972579
42047,-0.0882877409042524
42049,0.192495073368037
42051,0.0501490339681151
42053,-0.137882501132253
42055,-0.0577211141443135
42057,-0.184144554018862
42059,0.0248666065187189
42061,-0.0363402029808356
42063,-0.0179771905214559
42065,-0.106402527860248
42067,-0.120282917078703
42069,0.225683326717702
42071,0.0950388735782761
42073,0.0599416000537872
42075,-0.0967814308893493
42077,0.0590014187967456
42079,0.0623476240254291
42081,-0.0894022109238504
42083,-0.0710331550641581
42085,0.0847792287591206
42087,-0.0600406605654668
42089,0.211981332323939
42091,0.150901427428565
42093,-0.0787803605518106
42095,0.118667191790603
42097,-0.0525266435847231
42099,-0.0511403978405579
42101,0.0307968387370854
42103,0.0584367769056886
42105,-0.148702345625827
42107,-0.0675398303919848
42109,-0.000610664669015826
42111,-0.0569794976099679
42113,-0.080652077467144
42115,0.00824717650651763
42117,-0.131534153025154
42119,0.0929117188192856
42121,0.0250938563256124
42123,0.0382731023571884
42125,0.0319705498591768
42127,0.00781780853020447
42129,-0.0553589521534334
42131,0.00966769696509412
42133,-0.0406686676985445
44001,0.0211943538352393
44003,0.0152842207620529
44005,-0.0428160010316061
44007,0.0205143458300227
44009,-0.0141769193957057
45001,0.047040515716733
45003,-0.0601124606928688
45005,-0.0442017524512383
45007,0.0148053200159612
45009,-0.034005405322044
45011,0.0713280265735527
45013,-0.109618242092803
45015,0.059386175627246
45017,0.0155345048355972
45019,-0.0581774024561119
45021,-0.0163492654201166
45023,0.129245280229782
45025,0.111699331640685
45027,-0.0222794172657426
45029,0.0444016692366181
45031,-0.00652352001278191
45033,0.0961714927978631
45035,0.0291122340516032
45037,-0.054408392492595
45039,0.0836497271614875
45041,-0.0340450529990914
45043,-0.0631767871120477
45045,-0.0535477359508547
45047,-0.110342676736141
45049,0.109890561939513
45051,-0.0529100175332897
45053,0.0178068475078049
45055,0.0324139865097532
45057,0.0331545784759019
45059,0.000365241950133044
45061,-0.00294562170530011
45063,-0.114763631593253
45065,-0.0591345720713878
45067,0.0434077945862192
45069,0.0680983795598392
45071,-0.050651376321779
45073,-0.0306633271054387
45075,-0.044706465460375
45077,-0.131955162328335
45079,0.0266048379644118
45081,-0.0485752447445389
45083,-0.0217481000241269
45085,0.0910695070272315
45087,0.0855552482226327
45089,-0.00923362781142856
45091,0.0233339960733654
46003,0.0281595362502018
46005,0.0950394846590272
46007,-0.0722104612938389
46009,0.0406421520913057
46011,-0.0291083434836945
46013,0.0537537877575246
46015,-0.0456403889218551
46017,-0.0450379475874715
46019,-0.103528020327807
46021,0.127326812677196
46023,-0.0838742817806389
46025,0.0445378356214643
46027,0.00519521517373731
46029,-0.00043618586695543
46031,0.0483979863279349
46033,-0.0429059340147298
46035,-0.033587108047724
46037,0.239935279083225
46039,0.096086850760295
46041,-0.0745964073048509
46043,-0.059391402879889
46045,0.0286620190860167
46047,-0.116829099731759
46049,-0.0249604649114685
46051,0.161790968515122
46053,-0.0242945938806602
46055,-0.117022586730421
46057,0.0155693280511714
46059,-0.0324362667706853
46061,0.214298576305409
46063,-0.205064691859378
46065,-0.0397306923650524
46067,-0.00160207181561323
46069,-0.0503815941421097
46071,-0.106993351127224
46073,0.135011016612102
46075,-0.0309054374074103
46077,0.00799070481955139
46079,0.101916825417342
46081,-0.105309418783834
46083,0.0555451918270231
46085,-0.255180690351014
46087,0.0409518401812954
46089,0.174299693237163
46091,0.307217405132963
46093,-0.0792800603000249
46095,0.00202822572033329
46097,0.0779400133208171
46099,0.0690560834755739
46101,0.0196068411132181
46103,-0.0552883372050479
46105,-0.132057743385575
46107,-0.0231844767292614
46109,0.055317297359129
46111,0.0817822552736889
46115,0.155687143673276
46117,-0.211830545446139
46119,0.0359779983916725
46121,0.121262516104192
46123,-0.186111203812099
46125,-0.0193866105256217
46127,-0.0907807056685652
46129,-0.120820619092727
46135,0.0603647261781596
46137,-0.0815838666459331
47001,0.0176127303321554
47003,-0.00904905798054156
47005,0.079170454736766
47007,0.0601172859300003
47009,-0.0296541656206715
47011,-0.127758352413769
47013,0.012635509080296
47015,0.0276401245106143
47017,-0.0399423961099366
47019,-0.124081413531447
47021,0.0300684476406145
47023,-0.0721307252813131
47025,-0.00431917885522837
47027,0.133362628684602
47029,-0.101177483986099
47031,-0.00674116572291106
47033,-0.0246810219522593
47035,-0.0192558973454193
47037,0.061057274017157
47039,0.0471702685157539
47041,0.0731517812648239
47043,0.105358956558634
47045,-0.118013499901145
47047,-0.132991391923995
47049,-0.0233177209396684
47051,0.0403754538492131
47053,0.00853154145781426
47055,0.0502423252708409
47057,-0.0264435544991606
47059,-0.0941832944171501
47061,-0.0777991432695045
47063,-0.095440013315413
47065,-0.0148372218448266
47067,-0.0580088383980574
47069,0.0683370175991666
47071,-0.0525922780642445
47073,-0.0454328434146982
47075,0.0259696858224282
47077,-0.0962507666044018
47079,0.023725992770107
47081,0.0603219524230552
47083,0.183182213367155
47085,0.183860889104746
47087,0.11649501049935
47089,-0.0516212806146141
47091,0.0197694521012732
47093,-0.0428466460178031
47095,-0.045231902631163
47097,-0.0455977944154466
47099,0.0644959217604422
47101,0.0803277038998805
47103,-0.116165080069764
47105,-0.0540327237252275
47107,-0.0375258467365042
47109,-0.00782997424786425
47111,-0.0937605482424249
47113,-0.0840974027258686
47115,0.0899870205079596
47117,0.0507195957645756
47119,-0.0127106954569998
47121,0.123395817174793
47123,0.0565555105227062
47125,0.0708767885921748
47127,-0.0350662174564111
47129,0.0425265407314127
47131,-0.0972008252729242
47133,0.135790772227387
47135,0.064954048466407
47137,0.157129501811217
47139,0.110099839940867
47141,-0.00622185531672959
47143,-0.0614696905580568
47145,0.010812315139785
47147,0.0474230626557082
47149,-0.00492568593895265
47151,-0.130940776544536
47153,-0.0179517321338928
47155,-0.056106534983105
47157,-0.138837655270307
47159,0.0769066390053653
47161,0.141636016991422
47163,-0.0997350189377615
47165,0.00603493903539026
47167,-0.047516082287497
47169,0.0870660977733772
47171,-0.0415034263329808
47173,-0.00535198184125429
47175,0.0979913852760655
47177,0.123229516942076
47179,-0.1180269278758
47181,-0.099582577154576
47183,-0.0322545814355137
47185,0.040578378421401
47187,-0.119744540873512
47189,-0.00873697768741094
48001,-0.0563931793249807
48003,-0.00835294121935137
48005,0.0650905476520297
48007,0.000433405804415643
48009,0.0853273528033186
48011,0.211611799987627
48013,-0.104642220730877
48015,-0.0819997852717781
48017,0.0423880073165926
48019,-0.0617587820458143
48021,0.221404367994319
48023,0.0706888830233223
48025,-0.0104752883761917
48027,0.0660011596952083
48029,-0.0164275870172877
48031,0.0364125379819681
48033,0.301566162587063
48035,0.0408017787347901
48037,0.0127947969872081
48039,0.037794400582519
48041,-0.189680419837168
48043,0.121284365472367
48045,0.00612924194326447
48047,0.0089324942990735
48049,-0.0749751430455701
48051,-0.015586340935141
48053,-0.0122598026094749
48055,0.0627524812155239
48057,-0.0221213436377096
48059,-0.00455919056238974
48061,-0.0297842413090043
48063,0.069798982435672
48065,-0.0246643266036569
48067,0.0164272324004981
48069,-0.06811656124995
48071,-0.0651033500240131
48073,-0.0182887732986491
48075,-0.190687318358555
48077,0.0287898777969652
48079,-0.101804944285758
48081,-0.0675226457413244
48083,0.0218291038285512
48085,0.0164303232367406
48087,0.139313632022222
48089,-0.0497727856020087
48091,-0.108115398420513
48093,-0.0326461224240673
48095,-0.173320582696504
48097,-0.083131312179171
48099,0.0684242548299434
48101,0.0322665792912018
48103,-0.16724805161134
48105,-0.0288814544601186
48107,-0.00790545329542103
48109,0.254645621556622
48111,-0.0258997575808151
48113,0.128713845220025
48115,-0.0386226061341093
48117,-0.215674374637657
48119,0.0828653657225471
48121,0.0125856079881501
48123,-0.149406733107621
48125,0.0544878507292575
48127,0.00223092938551883
48129,0.0871587803044408
48131,0.0515412808008034
48133,-0.036408409204459
48135,-0.139029689520384
48137,0.031755287751028
48139,0.0911187916602019
48141,0.0965872827030644
48143,-0.102068472509567
48145,-0.0628886339362897
48147,0.0638839179351595
48149,0.0714877682954191
48151,0.174065690636988
48153,-0.121447634976236
48155,0.0800661833429896
48157,0.126499936729014
48159,-0.0326393473017469
48161,0.065870462637596
48163,0.151211368417262
48165,0.153958092073437
48167,-0.0589802490383166
48169,-0.132825562283576
48171,-0.128360906581492
48173,0.166735752833591
48175,0.0596344434978995
48177,-0.0724963904064092
48179,-0.077739985679728
48181,-0.00921355342982355
48183,-0.0664411496077922
48185,-0.0478728973170248
48187,-0.0688610476693171
48189,-0.194626644399523
48191,0.02253115630284
48193,0.0350752911495169
48195,-0.104202173944603
48197,-0.0564477023843655
48199,0.0248071846381791
48201,0.0192861194799734
48203,0.0571242613967607
48205,0.01383830230074
48207,0.0664969427519609
48209,0.161052647123137
48211,0.0893479944092165
48213,0.058182847534669
48215,0.0695603559406928
48217,0.0406989339698748
48219,-0.148783728328763
48221,-0.0322550434395527
48223,0.0619953918188529
48225,-0.0390206068730824
48227,-0.010900102501921
48229,-0.0199862812658103
48231,0.00211368688206037
48233,-0.0416858314779714
48235,0.0529795078940543
48237,0.101871649219737
48239,-0.045807011962922
48241,0.0637848204883849
48243,0.0835628282951754
48245,0.071965622944999
48247,0.238952187078576
48249,0.0442117919181494
48251,0.019812499299993
48253,-0.0286036077245416
48255,-0.0549589379720054
48257,0.102037700660021
48259,-0.150898796370264
48263,0.0240901992803734
48265,-0.120692044342201
48267,-0.0220992296920263
48269,-0.184949063351034
48271,0.0273551796394755
48273,-0.129403497267805
48275,0.0605514654913396
48277,0.0413306632898931
48279,-0.199114525018578
48281,-0.0389057814346181
48283,0.0307260969171691
48285,-0.114078532843505
48287,0.0202096316799439
48289,-0.0593157560676676
48291,0.00583324966483911
48293,0.0326888782401999
48295,0.0670579637938244
48297,-0.0230400359530333
48299,0.0403698390434944
48301,-0.221205410874858
48303,-0.139077725946363
48305,-0.0771275601481695
48307,-0.0297127378104263
48309,0.0592899544618025
48311,0.0437012964741561
48313,-0.0307983111196285
48315,0.0508417524689518
48317,-0.0821342668322529
48319,0.0812709507333822
48321,-0.0566406473476292
48323,0.259207418871646
48325,-0.0935335634744131
48327,-0.0555042209329867
48329,-0.20096400259486
48331,0.0127221434459033
48333,0.0895014393577461
48335,-0.0817598221977364
48337,-0.0126632655982409
48339,-0.110816085219211
48341,-0.091281578689889
48343,0.0684671996842019
48345,0.102446170353182
48347,-0.0581830869321712
48349,0.0295110732142649
48351,-0.0318708822493704
48353,0.00975657874266855
48355,-0.0774314808606203
48357,-0.206816913178833
48359,-0.0808749888645095
48361,-0.00476659307880678
48363,0.0132410212311465
48365,0.0182937359726723
48367,-0.0308076783228212
48369,-0.194804087098869
48371,0.0509408595261873
48373,0.0459786830528471
48375,-0.07159303703723
48377,0.184573261914635
48379,0.0565237212458644
48381,-0.134466412923835
48383,-0.109593528436711
48385,0.0817420952988108
48387,0.051373072396378
48389,0.194354233603105
48391,0.0809182016767139
48393,-0.0469262012309696
48395,0.10320213802747
48397,0.0453510743788066
48399,-0.11232982176698
48401,-0.0121097838603634
48403,-0.00728500662493548
48405,0.0056633703742518
48407,-0.0339677903636074
48409,0.0275320049304751
48411,-0.0476920518241801
48413,-0.0713859589697315
48415,-0.052482792616205
48417,-0.0329183974904962
48419,-0.0783032387813277
48421,-0.0513281621027911
48423,-0.0473904186819191
48425,-0.0460511133970749
48427,0.165119049659891
48429,0.00595224287029028
48433,0.264330990569062
48435,-0.0110232065783802
48437,-0.01641609066324
48439,0.0525803182274671
48441,-0.0852502770276207
48445,-0.1112208943499
48447,0.143848071838964
48449,0.0440825747944072
48451,-0.143979195767407
48453,0.267988386435018
48455,0.0745489543262249
48457,0.093682931811806
48459,0.00524409947168869
48461,0.0842929945871549
48463,-0.0287338530224158
48465,0.0104933484134444
48467,0.0142325807786284
48469,-0.122448622014772
48471,-0.0232855037714718
48473,-0.0840496775527659
48475,-0.0601574949153758
48477,-0.0891686104772785
48479,0.1409246736268
48481,-0.125566256141016
48483,-0.0975581221164571
48485,-0.0939519962732967
48487,0.0126162237722096
48489,0.133227655369427
48491,0.163718057113062
48493,-0.0021891366286117
48495,0.00615210457052817
48497,-0.0177970623718188
48499,0.0228894987487133
48501,-0.0876843477192348
48503,0.0115047502088816
48505,0.0507546151623616
48507,0.230068160109642
49001,-0.07890779375195
49003,-0.0421869436720047
49005,-0.109425042267437
49007,-0.0249594937725838
49009,0.135956769714572
49011,0.00357551773622156
49013,-0.110613955504868
49015,0.0180946607172945
49017,-0.0462394992933088
49019,0.369505595102543
49021,-0.165050846622689
49023,0.0267059708398988
49025,-0.0614780856187927
49027,-0.0518951648122471
49029,-0.0573341652343338
49031,-0.195784300202796
49033,-0.0127503176790766
49035,0.233535853810654
49037,0.139271748657341
49039,-0.117933887192463
49041,-0.0936796718055567
49043,0.201937054092834
49045,0.200786154105945
49047,-0.11200659434741
49049,-0.147695293731485
49051,0.0945657118644143
49053,-0.111622222697425
49055,0.100716439783196
49057,0.0149118017815594
50001,0.114249336576607
50003,0.0446754057982827
50005,-0.0427072077253257
50007,0.00415079335223545
50009,-0.20079347457263
50011,0.00879258349645622
50013,-0.0499057037042863
50015,0.0562330743426924
50017,-0.00867574347194811
50019,-0.0586709363628506
50021,-0.124371639527473
50023,0.0632483336208572
50025,0.131372571447376
50027,0.0624026067300149
51001,-0.0442843225791839
51003,0.122390857468929
51005,0.132068269689737
51007,0.0398240190508112
51009,0.00406878476565081
51011,-0.101876590101383
51013,-0.288890682263839
51015,-0.07344789532602
51017,0.0256606897818233
51019,-0.0580866475653813
51021,-0.0403903773951781
51023,0.0440028909358202
51025,0.0196702200123746
51027,0.0558934569558092
51029,0.101688249067514
51031,-0.116838650057518
51033,0.118580140854883
51035,-0.0423713155027863
51036,0.064835186228362
51037,0.00915230041150389
51041,-0.0436512584919711
51043,0.0667155220728047
51045,-0.0164862514909881
51047,0.0596063759450191
51049,0.00897364644855247
51051,0.0933670849266848
51053,-0.0135664938953782
51057,0.0345184272926157
51059,-0.0410997438143937
51061,0.0438366082422643
51063,0.184044810659999
51065,0.0552564051048628
51067,0.0423089887854645
51069,0.0303201477355555
51071,0.0171779581962609
51073,-0.064836410433156
51075,0.00877524978897415
51077,0.0176809922530301
51079,0.0241596244610698
51081,0.0744374916360202
51083,-0.0160027816923166
51085,-0.0144620431792271
51087,-0.0206753429902173
51089,0.0487368916188174
51091,0.0461507986432559
51093,-0.020449353966563
51095,-0.091050670204367
51097,0.0467973809570634
51099,-0.0112067984574033
51101,0.0464142149721731
51103,-0.0858148211674615
51105,0.0754021253891682
51107,0.105258011136534
51109,0.0563083630688992
51111,0.00357738154418372
51113,0.045926004695877
51115,-0.101311663840237
51117,-0.0229058866278598
51119,0.000376703273382073
51121,-0.0375874841798723
51125,0.0969505734747358
51127,-0.0369073926700646
51131,0.0778579698393334
51133,-0.0275326652036184
51135,-0.0816755381200736
51137,0.039815484376775
51139,-0.00563753671264267
51141,0.00295082751130571
51143,-0.0629239946991916
51145,-0.0199697827205279
51147,0.00033985398778405
51149,-0.00910116474957215
51153,0.115185544269031
51155,-0.00720169090459116
51157,0.116497394492788
51159,0.0895822677614274
51161,-0.0113793855536957
51163,0.0588011237218881
51165,-0.0106146216436659
51167,-0.00373110446863101
51169,0.0140667201647897
51171,-0.0389187809567733
51173,-0.0244053582738953
51175,0.0721759912338645
51177,0.0435535522959449
51179,0.059572637056278
51181,0.0921395581451604
51183,0.000769023420852333
51185,-0.0546144295689173
51187,0.0112023448520346
51191,-0.044711294189243
51193,0.0619515229720007
51195,0.00370759419254618
51197,-0.0592785436168738
51199,-0.0860676440027077
51510,-0.242495214611001
51520,-0.118347410591661
51530,0.0560386368880956
51540,0.129659904912632
51550,0.0026907272032131
51570,-0.188811881421998
51580,0.202675672555935
51590,-0.0117508134771517
51595,-0.139349255463703
51600,0.0819621368300867
51610,-0.198168854625943
51620,-0.300266952633748
51630,0.0965942957034386
51640,-0.0647609268667597
51650,0.0246848126368306
51660,0.0467926401882111
51670,-0.0676070910683152
51678,0.293737349201357
51680,-0.176312707585311
51683,0.0696000615655222
51685,0.101092483518976
51690,-0.0348925082226154
51700,-0.0403106253768723
51710,0.0738184039468199
51720,-0.0912755595328437
51730,-0.178746212773477
51735,-0.31134261095265
51740,-0.0431506881672695
51750,-0.0235983063159537
51760,-0.054057143362659
51770,0.0867852229785392
51775,-0.0167861943864437
51790,0.031616646052269
51800,0.0536636746298441
51810,-0.0470368416797923
51820,0.0889559250873239
51830,-0.0320884122156723
51840,-0.0383302271297293
53001,-0.230357887918309
53003,0.02028995735269
53005,-0.168694199227687
53007,-0.0306862201724486
53009,0.0257860395366715
53011,0.0578464599201788
53013,-0.185525443803001
53015,0.0915885471212644
53017,-0.0398988903788241
53019,-0.0876400101919578
53021,-0.1204913501034
53023,-0.066024000186422
53025,-0.176184467005499
53027,0.0961103536181141
53029,0.0262823051853145
53031,0.288182501407137
53033,0.12967292861503
53035,0.0609750611968576
53037,-0.128237315815709
53039,0.081314779925158
53041,-0.107741013045301
53043,-0.188702884132036
53045,0.0983919892700867
53047,0.0235549021240751
53049,0.159514348490943
53051,-0.07404363471738
53053,0.04079561303638
53055,0.128213014714868
53057,0.16359324921841
53059,0.0816268486396212
53061,0.184304077787227
53063,-0.00926127010441599
53065,-0.125300377423121
53067,0.0662679968677039
53069,0.103369300640823
53071,-0.0580884212545046
53073,0.1659608706188
53075,-0.172795583218649
53077,-0.123968176588645
54001,0.0336935766952928
54003,-0.00922774538231924
54005,0.177244800600575
54007,0.131601641021991
54009,-0.0692575224468768
54011,0.0215781149556219
54013,0.0047130054001
54015,0.0901812709507321
54017,-0.131828371163157
54019,0.155370467420142
54021,-0.0568775775389364
54023,-0.182587404674586
54025,0.0756317662619643
54027,-0.147824883760968
54029,-0.0591199149665234
54031,-0.0122402799352613
54033,0.0112651386389763
54035,0.0808285726847482
54037,0.110381666357481
54039,0.107515268180586
54041,-0.0629359284956039
54043,0.104513469554998
54045,0.0795089326115269
54047,0.0555064005670151
54049,0.0663091564098692
54051,-0.0181630595225776
54053,0.0346793266726588
54055,-0.022644217009215
54057,-0.177238697532139
54059,-0.0492257041862234
54061,-0.0611951780976927
54063,-0.0297617056825394
54065,-0.225843040427979
54067,0.0250498864371357
54069,-0.100306622013409
54071,0.101554813937434
54073,-0.0174880524592519
54075,0.0873537295414141
54077,-0.0471292104966904
54079,0.0193305984193389
54081,-0.0035149785453199
54083,0.0486269216816869
54085,-0.18050122397307
54087,0.0990053542841779
54089,-0.00848291304517773
54091,-0.0428024818824623
54093,0.0764320704006584
54095,-0.161070492119022
54097,-0.0763639430322611
54099,0.0820693542727226
54101,0.036752483039776
54103,0.0760424564749349
54105,-0.0980817442133642
54107,-0.0276753903819893
54109,0.0866480395111521
55001,0.00226476900959677
55003,0.203950699307135
55005,-0.0298368855585882
55007,0.133518892726781
55009,-0.161137920707498
55011,0.0506651106963669
55013,-0.0665265406283287
55015,-0.0562883463937518
55017,0.00200768540615126
55019,0.0976504741888071
55021,0.17872044964779
55023,0.175710555343552
55025,0.155402863005988
55027,-0.0824946639025075
55029,0.0173333665816588
55031,0.194129160721403
55033,-0.0150013612949731
55035,0.085630554336716
55037,-0.0754438348931941
55039,-0.167917994336902
55041,-0.00678811374270155
55043,0.0965351819932443
55045,0.219087391604847
55047,-0.150962113013758
55049,0.363754146570771
55051,-0.00828780511138089
55053,0.162431232681978
55055,0.000217331621456512
55057,0.0236009901460155
55059,-0.0684286183972744
55061,-0.0156757893644744
55063,0.0808800371997254
55065,0.239829696316839
55067,-0.0452162153951663
55069,0.0554841914416944
55071,-0.092091780998497
55073,0.013328305541336
55075,-0.0963230814521163
55077,0.0366297084351181
55078,-0.181167388459252
55079,-0.140625548208487
55081,0.0646373380239759
55083,-0.0849189694597383
55085,-0.0181713187080983
55087,-0.0828987635328783
55089,-0.261739313472442
55091,0.0664950985707877
55093,-0.0191596017589348
55095,-0.0635354525952125
55097,0.0524702398097068
55099,0.00468242825808052
55101,-0.115366842673727
55103,0.187402980074499
55105,0.189354826941676
55107,-0.0502590043642352
55109,-0.0490044968213714
55111,0.205328916544554
55113,-0.0692761248873422
55115,-0.0889228525014416
55117,-0.0676637829421536
55119,-0.117282581753502
55121,0.0823979992991501
55123,0.278814624932018
55125,-0.14533782754566
55127,-0.160648851053325
55129,-0.0120776482974893
55131,-0.294453734455328
55133,-0.326933860212542
55135,-0.0084871906281343
55137,-0.11429330297926
55139,-0.106379088924474
55141,-0.00332263555322038
56001,0.0349872632511892
56003,0.0326223474541273
56005,-0.139503554819182
56007,0.0692446240594577
56009,-0.0970252493593582
56011,-0.105418202241376
56013,0.0436049772360602
56015,-0.113269033752591
56017,0.0524212244806241
56019,-0.0548875270204811
56021,0.0735386543081541
56023,0.0892643604634293
56025,0.0279099351525666
56027,-0.155119282499529
56029,-0.0510512729038151
56031,-0.0447768002349108
56033,-0.0352368894927367
56035,0.0223993858074795
56037,0.110068596434262
56039,0.291151706500538
56041,0.109545206214137
56043,-9.27381633906155e-05
56045,-0.16037773087463
